{"cameraMode":{"drawMode":0,"name":"Shaded","section":"Shading Mode"},"sceneLighting":true,"audioPlay":false,"sceneViewState":{"showFog":false,"showMaterialUpdate":false,"showSkybox":false,"showFlares":false,"showImageEffects":false,"showParticleSystems":false},"in2DMode":false,"pivot":{"x":5.719998836517334,"y":1.0079994201660157,"z":3.9799976348876955},"rotation":{"x":-0.09663932025432587,"y":0.9028923511505127,"z":-0.3110889196395874,"w":-0.2804817259311676},"size":2.8578836917877199,"orthographic":false}